{
  "R": [
    [
      0.051489050640662795,
      -0.8460517751195555,
      0.5306083974845973
    ],
    [
      -0.9985296429278779,
      -0.034594258466235754,
      0.041734751412892804
    ],
    [
      -0.016953756470113986,
      -0.5319770964038023,
      -0.8465890024346712
    ]
  ],
  "t": [
    -156.78951385873884,
    78.6519243607767,
    915.3837396126336
  ],
  "timestamp": "2026-07-11T06:59:15.962662+00:00",
  "residuals_mm": [
    12.345278541787692,
    7.335853178444117,
    6.094017441170675,
    8.060258960827097,
    9.365178233174628
  ],
  "rms_residual_mm": 8.899798093867368,
  "max_residual_mm": 12.345278541787692
}
